<?xml version="1.0" encoding="UTF-8"?>
<project-private xmlns="http://www.netbeans.org/ns/project-private/1">
    <editor-bookmarks xmlns="http://www.netbeans.org/ns/editor-bookmarks/2" lastBookmarkId="0"/>
    <open-files xmlns="http://www.netbeans.org/ns/projectui-open-files/2">
        <group>
            <file>file:/C:/Users/sanja/OneDrive/Documents/NetBeansProjects/pharmacy%20management%20system/src/AdminDashboard1.java</file>
            <file>file:/C:/Users/sanja/OneDrive/Documents/NetBeansProjects/pharmacy%20management%20system/src/AddMedicine.java</file>
            <file>file:/C:/Users/sanja/OneDrive/Documents/NetBeansProjects/pharmacy%20management%20system/src/AddUser.java</file>
            <file>file:/C:/Users/sanja/OneDrive/Documents/NetBeansProjects/pharmacy%20management%20system/src/pharmacy/management/system/PharmacyManagementSystem.java</file>
            <file>file:/C:/Users/sanja/OneDrive/Documents/NetBeansProjects/pharmacy%20management%20system/src/login.java</file>
            <file>file:/C:/Users/sanja/OneDrive/Documents/NetBeansProjects/pharmacy%20management%20system/src/AdminDashboard.java</file>
            <file>file:/C:/Users/sanja/OneDrive/Documents/NetBeansProjects/pharmacy%20management%20system/src/UpdateUser.java</file>
            <file>file:/C:/Users/sanja/OneDrive/Documents/NetBeansProjects/pharmacy%20management%20system/src/SellMedicine.java</file>
            <file>file:/C:/Users/sanja/OneDrive/Documents/NetBeansProjects/pharmacy%20management%20system/src/UpdateMedicine.java</file>
            <file>file:/C:/Users/sanja/OneDrive/Documents/NetBeansProjects/pharmacy%20management%20system/src/ViewMedicine.java</file>
            <file>file:/C:/Users/sanja/OneDrive/Documents/NetBeansProjects/pharmacy%20management%20system/src/dao/PharmacyUtils.java</file>
            <file>file:/C:/Users/sanja/OneDrive/Documents/NetBeansProjects/pharmacy%20management%20system/src/dao/ConnectionProvider.java</file>
            <file>file:/C:/Users/sanja/OneDrive/Documents/NetBeansProjects/pharmacy%20management%20system/src/dao/Tables.java</file>
            <file>file:/C:/Users/sanja/OneDrive/Documents/NetBeansProjects/pharmacy%20management%20system/src/PharmacistDashboard.java</file>
            <file>file:/C:/Users/sanja/OneDrive/Documents/NetBeansProjects/pharmacy%20management%20system/src/Profile.java</file>
            <file>file:/C:/Users/sanja/OneDrive/Documents/NetBeansProjects/pharmacy%20management%20system/src/ViewUser.java</file>
        </group>
    </open-files>
</project-private>
